var_0,time,state
-0.35010267485391927,0.015135744646107122,-0.17865336244279506
0.13363048896789925,0.04850056827335229,-0.17865336244279506
-0.7476150438517507,0.0005287995979738466,-0.17865336244279506
-0.13801838481088546,0.043488337552096946,0.3702494279935937
-1.9447721283927417,0.04853513750035885,0.3702494279935937
-0.3210517235224215,0.10717093349279998,0.3019147950526111
0.2790374429439336,0.0201335486093785,0.3019147950526111
0.26674086249904383,0.013524657125240858,0.3019147950526111
0.3462809749185246,0.0011307183398485089,0.3019147950526111
0.5826994430230878,0.00178802633877472,0.3019147950526111
0.3301301215865498,0.002963000229509018,0.3019147950526111
-0.9423742248751897,0.10143656172063893,-0.860977949461426
-1.6743035464794676,0.09811051034361053,-0.860977949461426
-0.36878836188804676,0.015018675521752378,-0.860977949461426
-2.243318384950053,0.141603674480698,-0.860977949461426
-0.4903423199100435,0.0039422460357740104,-0.860977949461426
-2.420753406571906,0.05727400808873223,-0.860977949461426
-2.101414437351197,0.06114384023094242,-0.860977949461426
-1.0039913909060376,0.0021794521522890357,-0.860977949461426
-0.7891607901795306,0.01036880160932997,-0.860977949461426
-0.14222220232353333,0.22100634962124843,-0.860977949461426
-0.8447309968248149,0.1323085495823977,-0.860977949461426
-1.6573339122930464,0.011127450738339806,-0.860977949461426
-1.7788291807014667,0.003492035044725,-0.860977949461426
-0.4758059169434775,0.033848370842231426,-0.860977949461426
-0.6716618018131268,0.0022747604530155147,-0.860977949461426
-1.0013609623458215,0.04372109476022797,-0.860977949461426
-0.40680891737632885,0.07205932398426605,-0.7490753230209168
-0.2090652705872289,0.014016883590184872,-0.7490753230209168
-1.4982622343983967,0.07313325410324954,-0.7490753230209168
-0.6670861746826955,0.01896376232978508,-0.17865336244279506
-1.3084640757896484,0.0027070263204408964,-0.17865336244279506
-0.6347118736566165,0.01392429194430873,-0.17865336244279506
1.0903104226562148,0.03538160360001483,-0.17865336244279506
-1.0336327169595014,0.023388033163723055,-0.17865336244279506
0.0694630295716662,0.025250856605290178,-0.17865336244279506
0.531238435460796,0.03753062251496427,-0.17865336244279506
0.7254271653645714,0.028762067459314606,-0.17865336244279506
-2.580007598732375,0.051306405158818874,-0.17865336244279506
-1.1161321958287898,0.05084686528668656,-0.17865336244279506
-1.6214892510104235,0.23108786999819977,-0.7490753230209168
-1.6579004958595642,0.09383224880603301,-0.7490753230209168
0.07377178388042682,0.014943932410262602,-0.7490753230209168
-1.7180275229890758,0.05135453339829486,-0.7490753230209168
-0.37797657432366344,0.08932077571485196,-0.7490753230209168
1.2197476471364106,0.007530241652482369,-0.7490753230209168
-3.680557447252169,0.07180440524422324,-0.7490753230209168
-0.13473765912251157,0.030720398812602398,-0.7490753230209168
0.1442711797779378,0.002698083145690865,-0.7490753230209168
0.30118375333309855,0.05404692855391169,-0.7490753230209168
-0.19761338174659848,0.0055982884359275465,-0.7490753230209168
-1.8162828448408068,0.004677502894597451,-0.7490753230209168
-0.714055741863822,0.020173759183856672,-0.7490753230209168
-3.4189565564247797,0.007532783729186789,-0.7490753230209168
-1.5426882824738275,0.02390165201352787,-0.7490753230209168
-1.053342446143452,0.02227517439952718,-0.7490753230209168
-0.1853518657186244,0.03810899506767185,-0.7490753230209168
0.07367440575447393,0.029969152229717532,-0.7490753230209168
-0.06029595921127229,0.0559717227910034,-0.7490753230209168
-2.033185256986,0.06261410557594096,-0.7490753230209168
-0.3832508689984376,0.12980517927560103,-0.7490753230209168
-0.4912751240244179,0.03472224304457603,-0.7490753230209168
-1.7410693632634198,0.0890646810394871,-0.7490753230209168
-0.8151778141904774,0.2828189912742991,0.06610991612935457
1.9286086488468914,0.010296422107650005,0.06610991612935457
0.5557496831743182,0.062491223221429165,0.06610991612935457
-1.0838821927761912,0.012635710386423785,0.06610991612935457
2.122315335135083,0.004857319905645025,0.06610991612935457
-1.1459713554329392,0.010623547619870433,0.06610991612935457
-0.5592891162281078,0.0819307748779551,0.06610991612935457
-0.2499101204360008,0.060732024799568296,0.9651104770559324
1.3462974472993197,0.06365319516862178,0.9651104770559324
-1.223785196921632,0.13389090278038143,0.3702494279935937
1.8969544352501373,0.003475440489684635,0.3702494279935937
2.552067632554568,0.04643020727265934,0.3702494279935937
0.2725281481721267,0.08563912807412112,0.3702494279935937
0.43194191174032387,0.06697513197490862,0.3702494279935937
-0.2788559126771599,0.011333604555370845,0.3702494279935937
2.198698436546289,0.09865121120172284,0.3702494279935937
-0.8100196575925998,0.01442826271142761,-0.860977949461426
-2.3721511117095586,0.24506936584298192,-0.860977949461426
-2.1079072736879345,0.02108671246453396,-0.860977949461426
-0.34128628327301713,0.004820817051735994,-0.860977949461426
-3.1471115142644734,0.006343119801428586,-0.860977949461426
-1.6659602206450086,0.09645255057370553,-0.860977949461426
-1.0036452042296786,0.007322655439614011,-0.860977949461426
-1.2084988079870582,0.024767950406298662,-0.860977949461426
-1.3281940377529216,0.001343705152315177,-0.860977949461426
-1.3087806922220637,0.018027261176312297,-0.860977949461426
-0.8424429625063649,0.03407744397295578,-0.860977949461426
-0.5149287594650147,0.002719792401158531,-0.860977949461426
-0.7326520738832749,0.019097559092239525,-0.860977949461426
-2.2433067898950245,0.0662561851351684,-0.860977949461426
0.2942755774890531,0.048595477714537885,-0.860977949461426
-0.9007150801874771,0.005940473155410922,-0.860977949461426
-3.0560907638442663,0.02439140673391758,-0.860977949461426
-0.7406018575281641,0.023344700072090916,-0.860977949461426
-0.3919260203067486,0.16065527305061078,-0.860977949461426
0.8549726889373102,0.036059647939653196,-0.860977949461426
-0.8908117609607962,0.044438402699413015,-0.860977949461426
-1.3669064074985695,0.003101900008837197,-0.860977949461426
-1.9363493226386181,0.003443818532049707,-0.860977949461426
1.5243520473229037,0.15215862782717182,-0.860977949461426
-0.36715676352029575,0.007440370637407718,-0.860977949461426
0.4539265771062908,0.023607834617270458,-0.860977949461426
-1.901146862050263,0.003165056820107749,-0.860977949461426
-0.04966989736893729,0.10656251195383142,0.3702494279935937
0.7311154898932632,0.002221163088725818,0.3702494279935937
0.1519745837162757,0.05081378846003729,0.3702494279935937
-0.16389183175380728,0.020707160524498378,0.3702494279935937
0.7550807698944937,0.004366281096696627,0.3702494279935937
0.032390576671439575,0.1467774322037575,0.3019147950526111
0.49876716444763963,0.013781710561442468,0.3019147950526111
2.451212392980537,0.0295584787992308,0.9651104770559324
1.159840201160132,0.010435763050397071,0.9651104770559324
-0.00563856844966748,0.0076499675994387666,0.9651104770559324
-0.7411500868510823,0.03275739902599467,0.9651104770559324
-0.573581945044618,0.061869543737362025,0.9651104770559324
1.0590447502350424,0.0031911442264387947,0.9651104770559324
4.011284951032599,0.004179202955583784,0.9651104770559324
-0.44753818591366845,0.05946653601097178,0.9651104770559324
1.7801883788903958,0.02115867226134445,0.9651104770559324
-0.6879365368954913,0.010264648700002292,0.9651104770559324
-0.5221718142297089,0.021700399964818567,0.9651104770559324
-0.026411421909697336,0.0679909182826668,-0.17865336244279506
0.0736960403811131,0.020829198662358685,-0.17865336244279506
0.4477078290298907,0.04281072857591935,-0.17865336244279506
-1.3538606477674149,0.09538171192815445,-0.17865336244279506
-0.07407426933699893,0.005831977383031091,-0.17865336244279506
-1.75216906162086,0.1113187092364097,-0.17865336244279506
-0.4704051897306278,0.009974099245290309,-0.17865336244279506
-1.4325609520658344,0.11966097525728002,-0.17865336244279506
0.005083722429668841,0.004325096340082706,-0.17865336244279506
1.9316012952587265,0.12025507737635276,-0.17865336244279506
-0.20022573917894823,0.10017161216992265,-0.17865336244279506
-0.718727515656497,0.3022579933190754,0.3702494279935937
-1.54458825558054,0.06784968955788429,0.06610991612935457
0.3502257252198585,0.004533916607961923,0.06610991612935457
-2.185074147697672,0.054496730796191134,0.06610991612935457
1.617421056581132,0.004257405858968912,0.06610991612935457
2.3016085190623143,0.005838319842907718,0.06610991612935457
1.2248699304638802,0.05695377867915572,0.06610991612935457
-0.4826786059626854,0.05806730546106541,0.06610991612935457
-0.3197381441024979,0.1345012073621325,0.3019147950526111
-0.10484313976131449,0.013307138396802257,0.3019147950526111
-0.6457754815000956,0.038699101599220936,0.3019147950526111
1.3790241785561936,0.04212750621221318,0.3019147950526111
0.884884911014974,0.05741075698562992,0.3019147950526111
-0.8166182883867117,0.08479537748064814,0.3019147950526111
0.6278516658403768,0.043758065288941515,0.3019147950526111
-0.3466759808509049,0.01952081094268513,-0.860977949461426
-0.8655756931962596,0.13036932793616884,-0.860977949461426
-2.081556687195567,0.00482695305327972,-0.860977949461426
0.12842006598475664,0.02123630635183899,-0.860977949461426
0.992420084221133,0.031879921089259265,0.4307273504458189
0.028119238983301542,0.05641365920180409,0.4307273504458189
0.42490020189116817,0.03288712572845653,0.4307273504458189
1.2712441934095637,0.04755786399626853,0.4307273504458189
0.07637505137425887,0.0028749026461238835,0.4307273504458189
-0.11409715566489798,0.04876772794326478,0.4307273504458189
-0.797139066328213,0.008223203998079576,0.4307273504458189
0.17606570133474325,0.11852034439334798,0.6067414912664852
-1.4602501281106872,0.02837857046307431,0.6067414912664852
-0.7401723251081227,0.0117478463900994,0.6067414912664852
-0.041800829408638385,0.007913599226359765,0.6067414912664852
0.6271600936341354,0.0922092831618137,0.6067414912664852
2.4630634447872906,0.014522597576979981,0.4307273504458189
2.3087570551444543,0.005406449748842758,0.4307273504458189
0.7002915292919162,0.07662271517908255,0.9651104770559324
2.5509067102265326,0.058463403288974126,0.9651104770559324
0.6084195257089771,0.17604778860161616,0.9651104770559324
-0.2880034373087783,0.006123769908327265,0.9651104770559324
0.8164697626949292,0.022827360780050363,0.9651104770559324
1.4339463440351123,0.07611629944938143,0.9651104770559324
-1.0896102968120267,0.010709965746352508,-0.7794250365210411
0.8883381414314326,0.01211905517430438,-0.7794250365210411
-1.530454018388913,0.16258016245492063,-0.17865336244279506
0.7867767951401908,0.0794942240608761,-0.17865336244279506
-0.46678603528340634,0.09580272970433747,-0.17865336244279506
0.29782515373853696,0.046204380861753755,-0.17865336244279506
0.07807042143242782,0.01661349482924103,-0.17865336244279506
-1.4220222349057419,0.01756721699344938,-0.17865336244279506
-1.4944158421178961,0.002250162712239275,-0.17865336244279506
1.093832894609759,0.045629429149711055,-0.17865336244279506
1.8574312832504964,0.025903519282448082,-0.17865336244279506
0.6294509759873014,0.029360090243243483,-0.17865336244279506
-0.007650493198307046,0.12127237314478712,-0.17865336244279506
-1.2076100207155713,0.06532370642489801,-0.17865336244279506
-2.0684980768999304,0.03122631552868393,-0.17865336244279506
-0.46959664892268665,0.1210408899307123,-0.17865336244279506
-0.3738066104584893,0.08298451911024342,-0.17865336244279506
-0.6947715390210248,0.03422443426550108,-0.17865336244279506
-1.2606734545764005,0.05743886908998653,-0.860977949461426
0.04894764538091634,0.011603659815513456,0.4307273504458189
-1.8866333589579094,0.07310337078876061,-0.860977949461426
0.10995306688113282,0.020308078068898963,-0.860977949461426
-2.483160552066545,0.03404407509108616,-0.860977949461426
-2.407680316977342,0.0668613025265546,-0.860977949461426
-0.21744423136356372,0.05008976868247236,-0.860977949461426
0.19463186490237394,0.0712116427219529,-0.860977949461426
-0.6620590866111917,0.08246099511652082,-0.860977949461426
0.4015373026801592,0.006798401268428868,-0.860977949461426
0.30332055030770083,0.13405658842560067,0.4307273504458189
0.972793072908379,0.01519122585451779,0.4307273504458189
0.8416390244808993,0.037353035335377,0.4307273504458189
0.05904390485082417,0.025830839894841626,0.4307273504458189
-0.5712699531120238,0.02504948692956774,0.4307273504458189
0.11456991402122474,0.020757458266295867,0.4307273504458189
-0.018874393233488995,0.0369602493393942,0.4307273504458189
2.082873031358038,0.0627043979615723,0.4307273504458189
-0.002946716381030834,0.021535169878520905,0.4307273504458189
0.6160317242903369,0.013065179127568084,0.4307273504458189
0.01863300022856973,0.036630213197679444,0.4307273504458189
-2.025850655554833,0.08273778677829274,-0.860977949461426
-0.8210100634356061,0.008969342491309144,-0.860977949461426
0.36446335478655567,0.07799355970475805,-0.860977949461426
-0.8788999733548671,0.009929104295115523,-0.860977949461426
0.029205015319824446,0.07412424133198117,-0.860977949461426
-1.336427317447173,0.01838474738953164,-0.860977949461426
0.4052465101612246,0.15759737077116434,-0.860977949461426
-1.4731163137363519,0.015652625777472326,-0.860977949461426
0.09829633069921216,0.05758005016994167,0.06610991612935457
0.8950103544294703,0.09492198903910158,0.6067414912664852
1.6098650726078603,0.029999255149677332,0.6067414912664852
-1.2161891157855047,0.04835512578045348,0.6067414912664852
0.7483382521621696,0.011377013399996076,0.6067414912664852
0.8301259690874802,0.08178350695393974,0.6067414912664852
1.1592428534460364,0.04662820653341933,0.6067414912664852
-0.5350604651974449,0.00041401189083504927,0.6067414912664852
0.8907094211049211,0.027660354207978778,0.6067414912664852
-0.7910314325522083,0.010909238959507558,0.6067414912664852
0.19396185607095429,0.04794544238544318,0.6067414912664852
-0.9819855427444175,0.1296882495491827,0.6067414912664852
1.872132560050151,0.06360784218344762,0.6067414912664852
0.6096763629108405,0.22406596900988354,0.6067414912664852
1.0716476222757236,0.12805224931206188,0.6067414912664852
0.4959394097653962,0.11989276619280312,-0.17865336244279506
-0.7198067181283356,0.05172552933204293,0.06610991612935457
-0.21573939179619972,0.007450256465329415,0.06610991612935457
0.5226541309268227,0.00597089265223953,0.06610991612935457
0.41616253677502263,0.0031456100360316994,0.06610991612935457
-1.4492602754197517,0.04268372089212404,0.06610991612935457
-0.8139927783554326,0.08149435214242562,0.06610991612935457
1.1959693837225769,0.05136920941467108,0.06610991612935457
0.15794713192233364,0.021459349517910294,0.06610991612935457
-0.23777268291310266,0.0750513919924447,0.06610991612935457
-0.4955564533965382,0.27043922412855254,0.6067414912664852
0.08696252606918897,0.036333341515349483,0.6067414912664852
0.18446565443881763,0.03391989683622341,0.6067414912664852
1.823980990640234,0.044607454333990285,0.6067414912664852
-0.4553734000871734,0.022986262106012546,0.6067414912664852
1.9455475008445788,0.06851150771778565,0.6067414912664852
-0.8657145749160144,0.009703952457776175,0.6067414912664852
-1.7253054316372913,0.039096322448917385,0.6067414912664852
0.7046118903555598,0.016904094081407004,0.6067414912664852
1.0551815368918445,0.18979988485704852,0.3702494279935937
0.08406061748785087,0.019278165690081388,0.3702494279935937
0.5397042859114785,0.0059035163274533285,0.3702494279935937
1.0066157484538119,0.0011651083147399218,0.3702494279935937
1.1179333114374952,0.013324639441269307,0.3702494279935937
-2.5888529649606413,0.061347635304332564,0.3702494279935937
1.568604333539006,0.01013316898898174,0.3702494279935937
1.8337151690183982,0.03471644012328118,0.3702494279935937
0.11172116880232374,0.002217939780553192,0.3702494279935937
0.668996648681363,0.005328066286198383,0.3702494279935937
0.8681587272907643,0.014163746117479161,0.3702494279935937
-0.22492786448019841,0.05772519006123322,0.3702494279935937
1.355724647223049,0.03336630141153979,0.3702494279935937
1.2436240027754835,0.08684315415083041,0.06610991612935457
0.09892565312359627,0.0069239486468263825,0.06610991612935457
0.15237715179169087,0.060213712412563174,0.06610991612935457
-0.40301849212231045,0.012108461913588553,0.06610991612935457
0.49159774004034745,0.07990636204224315,0.06610991612935457
-0.35334211264652904,0.019645889357898433,0.06610991612935457
1.0677157473564423,0.003518198255218764,0.06610991612935457
0.5021097908378873,0.0191167622513718,0.06610991612935457
-0.07092678314328527,0.13077457955455477,-0.860977949461426
-0.8711635363774249,0.0035894981372122576,-0.860977949461426
-0.011653641303897122,0.026894290659602568,-0.860977949461426
-1.455694446185463,0.005079223074774917,-0.860977949461426
-0.6299279129569343,0.04167366171243625,-0.860977949461426
-0.3531358021601315,0.011865735545340917,-0.860977949461426
0.9573064689005597,0.10435633742945861,-0.860977949461426
-1.3999181351239376,0.0809591395228153,-0.860977949461426
-0.5435713424473219,0.004708450131598966,-0.860977949461426
-2.2457237266852506,0.03019189237664377,-0.860977949461426
-0.96549104878023,0.010384836794069263,-0.860977949461426
1.0416791132573255,0.21502202241350218,0.3702494279935937
-0.9980753979181781,0.07433254864035903,-0.860977949461426
1.888258443296045,0.07142113060345359,0.4307273504458189
0.36821677201262437,0.09448556230772054,0.4307273504458189
1.434336523132586,0.1325301844142921,0.4307273504458189
0.5051208995341261,0.0421709233346814,0.4307273504458189
-0.9514125922852044,0.03621353437950107,0.4307273504458189
1.0336506157787957,0.06745949651906638,0.4307273504458189
-0.3535862615395624,0.028361996092885623,0.4307273504458189
1.251547409664807,0.03608411344030932,-0.17865336244279506
-1.5853360744922176,0.021016577269141475,-0.17865336244279506
-1.6725128717070104,0.009386375338572294,-0.17865336244279506
0.9153026773224342,0.04546553510240969,-0.17865336244279506
-1.2509827813104542,0.0035050906805888225,-0.17865336244279506
-0.1906128368543355,0.08232062122332062,-0.17865336244279506
-0.3196906764480269,0.04280261428238769,-0.17865336244279506
-0.4403819746349353,0.02178954455249291,-0.17865336244279506
-0.44778663722874884,0.15606521444966207,-0.7794250365210411
0.841423794848008,0.1543449195076434,0.4307273504458189
-0.6272351011762041,0.06061860326594282,0.4307273504458189
0.4685883701804133,0.04127787844035694,0.4307273504458189
-0.33468408933431315,0.040507935674193654,0.4307273504458189
1.7971230148423474,0.007314355524456022,0.4307273504458189
1.5963400122468052,0.0417920723266927,0.4307273504458189
1.4746153166859948,0.06941476681612564,0.4307273504458189
0.09321086506760745,0.07530291791660364,0.6067414912664852
-0.045691963400423585,0.06798668679397885,0.6067414912664852
1.5286741246778732,0.01767361907375079,0.6067414912664852
0.23793982941635772,0.06536151061424711,-0.7794250365210411
-0.30132067194839607,0.07192805580093278,0.06610991612935457
-1.189773939299521,0.18755232669161034,0.06610991612935457
-1.929764709233722,0.1598740740501905,-0.7794250365210411
-1.3530003509718025,0.011558253176288912,-0.7794250365210411
-0.9764393943168175,0.033500593910869625,-0.7794250365210411
-2.8947770554692562,0.07382261103501335,-0.7490753230209168
-1.117524410648311,0.06801036157474151,-0.7794250365210411
0.1129369345827993,0.07530385239357328,-0.7490753230209168
-2.0474008649752937,0.014968860732125956,-0.7490753230209168
-1.7945826064841073,0.04145108286007145,-0.7490753230209168
0.41857908516387043,0.006534555469995476,-0.7490753230209168
-0.8628759812493189,0.045688489368659,-0.7490753230209168
-1.6777033420485814,0.05052675629958417,-0.7490753230209168
-0.7881825085394069,0.0170675288646282,-0.7490753230209168
-0.524977566444231,0.03552532290943713,-0.7490753230209168
-1.1339175044833865,0.17363955586017593,-0.7490753230209168
-2.6554115996710426,0.028008704437365,-0.7490753230209168
-0.04990948371117199,0.03329125440839973,-0.7490753230209168
-0.0440402723859491,0.045582759232009905,-0.7490753230209168
1.5810241081069847,0.05790310247110886,0.3019147950526111
-2.272433743605764,0.05142173312200806,0.3019147950526111
0.48035534270153657,0.016301007612882952,0.3019147950526111
1.167683815477524,0.021300020391494093,0.3019147950526111
1.0584569185151902,0.07513303906590009,0.3019147950526111
0.6475690024207282,0.12271180785663191,0.3019147950526111
0.17326964223568378,0.011510559186204668,0.3019147950526111
2.862336089922829,0.005324524719651045,0.3019147950526111
1.83157601952493,0.02016790985525483,0.6067414912664852
-3.318754063700081,0.03945243819558735,-0.7490753230209168
-0.49787467164955684,0.01752059535354337,-0.7490753230209168
-2.0566856677686842,0.05377555290470938,-0.7490753230209168
0.2986303383591169,0.10765723416216401,-0.7490753230209168
-2.182774605505455,0.0016578831967620647,-0.7490753230209168
-1.1024360056113385,0.011680930474673086,-0.7490753230209168
-0.41436462986961403,0.07774367296088928,-0.7490753230209168
-0.05233291324737567,0.08440291707833099,0.06610991612935457
0.3213743322633638,0.00044164545283599494,0.06610991612935457
-0.6054291354257603,0.021059049395778302,0.06610991612935457
0.8161343048191315,0.06157100037657466,0.06610991612935457
-1.3880465156396942,0.06416586260543243,-0.7794250365210411
-1.1068668024411292,0.04135230335625849,-0.7794250365210411
-0.048537471165035706,0.013389243831411213,-0.7794250365210411
-1.5580365748417546,0.012585147786872348,-0.7794250365210411
-0.8183888889671085,0.04268912028431485,-0.7794250365210411
-0.7079690529149648,0.0669049870535031,-0.7794250365210411
-2.1815143939238952,0.058692818297092865,-0.7794250365210411
-0.22115712611765892,0.012057889435292873,-0.7794250365210411
-1.3799503833483464,0.008308934491878821,-0.7794250365210411
-1.9098225079967819,0.14977682373744697,0.3019147950526111
-0.4997895410699663,0.06289584477994033,0.3019147950526111
-0.12919863366892081,0.006737711816161355,0.3019147950526111
1.0438254292172833,0.016900930998492155,0.3019147950526111
0.5786511843049222,0.015117113144456521,0.3019147950526111
0.9663606687445586,0.008188303889470616,0.3019147950526111
-1.347212981236137,0.01503843185397408,0.3019147950526111
1.8448275521744706,0.015272088424257611,0.3019147950526111
1.9035138450979237,0.06056071130321664,0.3019147950526111
0.16300076303051803,0.030746626308274752,0.06610991612935457
1.3689296309571009,0.01168879042655192,0.06610991612935457
-0.30649530804843755,0.00840925232587963,0.06610991612935457
-1.6114105372658893,0.23090905206378706,-0.17865336244279506
2.118842346856332,0.07786438035740634,-0.17865336244279506
1.266300839728669,0.027593975314792036,-0.17865336244279506
0.3653449616960527,0.12262468655028326,-0.17865336244279506
1.4085251866898785,0.04610542187715491,-0.17865336244279506
1.4643178975202484,0.08713765927828179,-0.17865336244279506
-0.7870229770055838,0.055167381684698744,-0.17865336244279506
-1.77155232340215,0.05953786963883908,-0.17865336244279506
0.5134947933079873,0.07628293514160174,-0.17865336244279506
-0.39101064058215673,0.0808747468850891,-0.17865336244279506
0.797136829940595,0.030145918482108843,-0.17865336244279506
-0.423581555274798,0.056839028257977924,-0.17865336244279506
-0.5696770467145856,0.047694420004594,-0.17865336244279506
-0.6504121794963229,0.0159620982139951,-0.17865336244279506
-0.9951542388400676,0.03403398424298103,-0.17865336244279506
-1.2059929551513378,0.0718198336821784,-0.17865336244279506
1.1433200428076582,0.03469771039734305,-0.17865336244279506
-0.0972928230516733,0.005037537697469331,-0.17865336244279506
1.3079184370604187,0.014420962943479852,-0.17865336244279506
-0.05778371070014779,0.026848629595287575,-0.17865336244279506
-0.1781060319087618,0.14582390746406274,-0.17865336244279506
-0.11107799376146618,0.004483189913063856,-0.17865336244279506
-0.06530337120422273,0.06751020044965524,-0.17865336244279506
0.4160075872598016,0.1370629152422577,0.3019147950526111
0.6536587852663756,0.0878199214768637,-0.7490753230209168
0.596912667405359,0.10341121834417127,0.3702494279935937
-0.0017835389794316758,0.009539682803434889,0.3702494279935937
-0.3319994055562817,0.02957280184235591,0.4307273504458189
0.31280539395447093,0.022600197474018438,0.4307273504458189
-0.6262523856140254,0.03862095146523369,0.4307273504458189
1.7134572314520204,0.003067438876111873,0.4307273504458189
-0.12967511411638233,0.0532884880187084,0.4307273504458189
0.3298639479583066,0.060728846604646954,0.3702494279935937
1.4772286981168847,0.057555519766129826,0.3702494279935937
-0.020986601672187244,0.012816748696529578,0.3702494279935937
1.7954334722859693,0.07491482221425085,0.3702494279935937
-0.7639791568863248,0.08849512769762048,-0.7794250365210411
-2.211426576069984,0.03765275605143853,-0.7794250365210411
-2.590717480170616,0.021070764527540004,-0.7794250365210411
0.639513544419058,0.10517733652125394,-0.7794250365210411
-0.47524169275194833,0.05973946297220532,-0.7794250365210411
0.08243683470735685,0.007022654068085437,-0.7794250365210411
-0.49912099073141286,0.029294007729118516,-0.7794250365210411
0.8054439252152312,0.02787264747385643,-0.7794250365210411
0.7558258031544218,0.010497915667813417,-0.7794250365210411
0.8031594103295845,0.02292708264225774,-0.7794250365210411
-1.2005817661634708,0.07696794298203793,-0.7794250365210411
0.8758332838564737,0.008314315662929462,-0.7794250365210411
-0.9243283264192281,0.02601270074475747,-0.7794250365210411
-0.4824459693817643,0.041867705002471604,-0.7794250365210411
-0.8594555873292444,0.054465446737854466,-0.7794250365210411
-0.37890565856137687,0.04983293211083853,-0.7794250365210411
-0.6671352936049588,0.03544161664346282,-0.7794250365210411
-1.1019955624280884,0.07379329754330284,-0.7794250365210411
-0.3505317503775626,0.0707709073865125,-0.7794250365210411
-0.3089622402405124,0.06838466360368771,-0.7794250365210411
0.09936320365740381,0.012505750176529763,-0.7794250365210411
-1.712877050963065,0.06014068458297204,-0.7794250365210411
-0.7628305923456552,0.0074400583996570195,-0.7794250365210411
0.011754140876990116,0.10893588454402944,-0.7794250365210411
0.8447389322974355,0.027502294009075785,0.4307273504458189
0.97069033669727,0.03488441356964746,0.4307273504458189
0.49482073574049545,0.019783731639835437,0.4307273504458189
-0.3400231900526395,0.04198741275731176,0.3702494279935937
-0.7249250872659634,0.022640233355128055,0.3702494279935937
1.5478933351801818,0.10887589065970808,-0.7490753230209168
0.4714241548883861,0.07811869864702141,0.6067414912664852
1.5558458881434496,0.04042680583694285,0.6067414912664852
1.7616403125771511,0.09494669053522958,0.4307273504458189
-0.8876421914456991,0.14417855110339906,-0.17865336244279506
-0.1541402541791867,0.08846360384941185,-0.17865336244279506
1.4986940098367505,0.04074269406807997,-0.17865336244279506
-0.8461307182388862,0.0560659996540978,0.06610991612935457
1.2464730997939106,0.03776491622570006,0.06610991612935457
0.6769995230237121,0.012537295986440603,0.06610991612935457
-0.005270030573285803,0.0007005736941175276,0.06610991612935457
0.39208237938012186,0.0033141820036680382,0.06610991612935457
3.099999980803048,0.16198486152351016,0.3019147950526111
-0.983820699157014,0.007168618875476268,0.3019147950526111
0.30294949210678523,0.05645811389647902,0.3019147950526111
1.940563101117841,0.11929250849966222,0.3019147950526111
-0.12022267113791335,0.20461992797779774,0.3019147950526111
0.21349854269044782,0.0015388193554598472,0.3019147950526111
-0.33264652399169437,0.07446990108162845,0.3019147950526111
-0.011847897544950303,0.030575011963161727,0.3019147950526111
0.16841787433106445,0.008976774021504619,0.3019147950526111
-0.5534659705924571,0.05596349569277204,0.3019147950526111
0.8059290867634924,0.0057825379152817765,0.3019147950526111
-1.3649181380197244,0.030811397637221773,0.3019147950526111
-0.03971815748549368,0.19695183969089242,-0.7490753230209168
0.4472452749262783,0.08204803388571212,-0.7490753230209168
1.0636172564164492,0.09051842268274118,-0.7490753230209168
0.3311466028790935,0.04180133278826977,-0.7490753230209168
0.6485564376762232,0.0670550525994858,0.9651104770559324
-0.12093023321767893,0.012978059855220431,0.9651104770559324
0.6539452994284456,0.030528526159956076,0.9651104770559324
0.9675410846690261,0.03624259218287759,0.9651104770559324
0.23149238531443384,0.012638926150505457,0.9651104770559324
-2.2175566534573123,0.03621508243859096,-0.7794250365210411
-0.5309899759063075,0.03073794011920951,-0.7794250365210411
-1.5440341480124138,0.24327709235332318,-0.7794250365210411
-1.9670401748253743,0.0011162800926231866,-0.7794250365210411
-3.022778627623638,0.039312035257940824,-0.7794250365210411
-1.2999597325178465,0.001056045410905345,-0.7794250365210411
-0.4068564548296715,0.06233986310155783,-0.7794250365210411
-0.42417341932000435,0.12853174195407518,-0.7794250365210411
0.00031851646455371974,0.04715653887944,-0.7794250365210411
-0.7571756333540649,0.0402052661552817,-0.7794250365210411
-0.15703686189633315,0.055981061894040764,-0.7794250365210411
-0.11479392591368143,0.1500699649092747,-0.7794250365210411
2.1402640255581256,0.04185690307545807,0.9651104770559324
0.6639099421478416,0.0010430645257531591,0.9651104770559324
1.6628311075414652,0.11042434447545776,0.9651104770559324
2.333098969491658,0.013577868014248288,0.9651104770559324
-0.4505817730250161,0.0011824352414765134,0.9651104770559324
0.9237420692415769,0.017639341921341475,0.9651104770559324
0.5882318055532108,0.06613543970846775,0.9651104770559324
1.588519587030807,0.038145206513381186,0.9651104770559324
0.31748375277470586,0.0329206663361954,0.9651104770559324
0.8475588365689066,0.08495055223818544,0.9651104770559324
-0.08511887445821109,0.025958156513054033,0.06610991612935457
-0.3228063738159152,0.05391530066015125,0.06610991612935457
2.525295200770296,0.030226162752383108,0.06610991612935457
-1.8337420706556573,0.02965324984055691,0.06610991612935457
-0.783967333399185,0.11636985635670591,0.06610991612935457
-0.2893207158945056,0.03777515656677472,0.06610991612935457
-1.0114473190028799,0.09118413097166406,0.06610991612935457
0.04280663345228064,0.06376963429288773,0.06610991612935457
0.3927863040918231,0.06675913389133159,0.06610991612935457
-0.6153779632176617,0.035485015160104404,0.06610991612935457
0.23389003594535118,0.00853184956047597,0.06610991612935457
0.9494722388024701,0.02797738060545307,0.06610991612935457
0.2283018258923456,0.010251292804213538,0.06610991612935457
-1.6686854225740184,0.16205859113781074,0.06610991612935457
1.2313390260377797,0.03772356765691139,-0.7794250365210411
-0.6681020676086289,0.1477297691098913,-0.7490753230209168
-2.7498056017893773,0.056740704683360454,-0.860977949461426
1.761385350121094,0.07726382909939755,0.9651104770559324
0.16632469583491316,0.004940585503358191,0.9651104770559324
0.7756318288300708,0.08315016186618954,0.9651104770559324
-0.828642032784535,0.025881066335506384,-0.17865336244279506
0.254790195474486,0.09496450510467085,-0.17865336244279506
-0.5268894321596632,0.005437217072069815,-0.17865336244279506
0.16323750734005038,0.008917903785768018,-0.17865336244279506
-1.9424682274819436,0.03407496576148122,-0.17865336244279506
-2.2484060204459504,0.06806875574552776,-0.17865336244279506
0.44582605371533235,0.006414773718609799,-0.17865336244279506
-0.595308085261804,0.004246032814925039,-0.17865336244279506
-0.9686557566525508,0.08721636768389444,-0.17865336244279506
-1.9276703352664368,0.0034177912432873693,-0.17865336244279506
0.22093680063104398,0.05555775975901019,-0.17865336244279506
0.520755037347054,0.071366792256734,-0.17865336244279506
0.3265145338058063,0.1336469604886003,-0.17865336244279506
-0.5956765005180304,0.03807398736369525,-0.17865336244279506
0.6521022006603203,0.027833617590251575,-0.17865336244279506
-2.3357411960261034,0.03792006234721913,-0.17865336244279506
-0.5898775314739129,0.09550634862065097,-0.17865336244279506
0.4599703421581335,0.030832451040352076,-0.17865336244279506
0.7755130573802579,0.040163787437481564,-0.17865336244279506
-0.5249791810526714,0.0032435478909067753,-0.17865336244279506
0.8230792270305214,0.07487535445853861,-0.17865336244279506
-2.3247977305979477,0.02067603683137896,-0.17865336244279506
-0.7171481943247284,0.09553320949328764,-0.17865336244279506
-1.9088383735537808,0.033043615073675106,-0.17865336244279506
-1.5083551744152586,0.08420973779484976,-0.17865336244279506
0.5826849118857107,0.030555871407248327,-0.17865336244279506
0.07070208693038602,0.024616178466707755,-0.17865336244279506
-0.1694206567415215,0.007000039784770125,-0.17865336244279506
-0.4571699520824687,0.08258574209595423,-0.17865336244279506
-1.539885511673635,0.025608042427182433,-0.17865336244279506
2.675064130884371,0.12641907189167084,0.06610991612935457
1.0708477947357842,0.00933659751907107,0.06610991612935457
0.06304096266562653,0.05169626222940603,0.9651104770559324
-1.17648922483828,0.0013302722500268375,0.9651104770559324
1.6592730730151022,0.007836136298195748,0.9651104770559324
1.1069069775387068,0.031111083679621274,0.06610991612935457
1.3549766113062722,0.12330858921932626,0.06610991612935457
-0.10666408178355374,0.07567442744064286,0.06610991612935457
-0.8536502457301568,0.09903166664405887,0.06610991612935457
-0.4322763085162548,0.10756059887143433,0.06610991612935457
1.3753464231142032,0.08244693638690086,0.06610991612935457
-1.9902703952477858,0.1531386238533541,0.06610991612935457
1.4327942987829907,0.02330249266355778,0.06610991612935457
-2.0855365519301863,0.1763570641100743,-0.7794250365210411
-1.9295420285546852,0.01921340612949485,-0.7794250365210411
-2.0037701434754673,0.0629310070253428,-0.7794250365210411
-0.20665625265840248,0.04985466791233535,-0.7794250365210411
0.9019149973494538,0.10927323322762869,-0.7794250365210411
-1.3711274460488418,0.05197856446401909,-0.7794250365210411
-0.6060656243500201,0.06133242155732353,-0.7794250365210411
-1.668162619403164,0.010641274093330625,-0.7794250365210411
-0.6185876827093746,0.024742544796579568,-0.7794250365210411
-1.0968542606122618,0.016017731884963533,-0.7794250365210411
0.6150875165701899,0.007787432165449573,-0.7794250365210411
-0.5834655502358765,0.06760218350268284,-0.7794250365210411
1.8551370959712568,0.03454589320829164,-0.7794250365210411
0.3683156958979622,0.057108967344193885,0.4307273504458189
-0.32641746857839726,0.028608361433842943,0.6067414912664852
1.4662647290822906,0.0700958230190715,0.3702494279935937
-1.5341322946341354,0.013588958498762009,0.3702494279935937
-1.6137663200860897,0.015241065306366606,-0.7794250365210411
-1.3743772744601692,0.013312324107915973,-0.7794250365210411
0.4864301328106029,0.035600626112375605,-0.7794250365210411
-0.6969824804504866,0.023196199743212152,-0.7794250365210411
-1.2788118951683116,0.048969624921810305,-0.17865336244279506
0.1470691326553562,0.1185199452635824,-0.17865336244279506
-1.584624502199965,0.07110925188232554,-0.17865336244279506
-1.1101344252469159,0.017457637711465638,-0.17865336244279506
-1.613261760966711,0.021356072639968665,-0.17865336244279506
-0.19333134183364986,0.0391171040525578,-0.17865336244279506
1.009621181954203,0.060388241735692585,-0.17865336244279506
-0.0037019803498579418,0.06744148078922178,-0.17865336244279506
1.1197713798690108,0.045125242935078524,-0.17865336244279506
1.4198549277732504,0.016026287457085602,-0.17865336244279506
0.07789699397340638,0.004368256762474985,-0.17865336244279506
0.04543532705161868,0.005084614688400903,-0.17865336244279506
1.308190863590111,0.02470680740828936,-0.17865336244279506
-0.8534051805733192,0.04876987287597511,-0.17865336244279506
-0.4192969095316951,0.026180551490902638,-0.17865336244279506
1.9997233874075708,0.020382768210678283,-0.17865336244279506
-1.7013384560941789,0.0015127941230387333,-0.17865336244279506
-2.1754474499041825,0.03194121928644405,-0.7490753230209168
-0.13146600808093267,0.051903177663762984,0.4307273504458189
-0.4433188046483242,0.04849322596572675,0.4307273504458189
-0.1417146383878677,0.005327790040459316,0.4307273504458189
1.3543894960971259,0.07667075938879181,0.4307273504458189
-0.143092390691978,0.054587656424041134,0.4307273504458189
0.9868718773088504,0.01739508172247788,0.4307273504458189
0.7772579499036456,0.03338740328016499,0.4307273504458189
-1.0558724404637814,0.12322101346652661,-0.860977949461426
-0.5991529320018327,0.011349140145592832,-0.860977949461426
-2.0108850652887824,0.04673804154237897,-0.7794250365210411
-1.869759383798596,0.01945808802626829,-0.7794250365210411
0.40386787020838866,0.052944939898952575,-0.7794250365210411
-0.5502483405837855,0.07166892462446438,-0.7794250365210411
-0.013962644179200345,0.027789361241315307,-0.7794250365210411
-0.3039783443333366,0.03993650828587489,0.6067414912664852
-0.05755980237610592,0.04736876532733167,0.6067414912664852
-0.47435737884364215,0.07558275141668229,0.6067414912664852
1.3547921420966234,0.02488940982911661,0.6067414912664852
0.41435045420649985,0.02235296375824438,0.6067414912664852
-0.41936537311226174,0.01616302276417419,0.6067414912664852
1.4007224330559325,0.026336363027421032,0.6067414912664852
0.8409173707380813,0.054514192536287656,0.6067414912664852
0.10176618029312667,0.002380490637717912,0.6067414912664852
0.8797831584777613,0.007976078837047111,0.4307273504458189
0.8160478678179468,0.02286718782890966,0.4307273504458189
-1.0298486503574271,0.023960623055446325,0.4307273504458189
-0.051810018676972824,0.024320831078782773,0.4307273504458189
-0.08298973318539082,0.022203970751075722,0.4307273504458189
0.27822828769928964,0.0648338755796913,-0.860977949461426
-1.8520113035835293,0.04082648428088727,-0.860977949461426
-0.48309905723878305,0.09775767514416618,-0.860977949461426
-2.4891026129512426,0.16950949436457868,-0.860977949461426
-0.2953868858130103,0.001722532307239545,-0.860977949461426
0.7967650889657829,0.060910027964640366,-0.860977949461426
-1.495963812607123,0.011450814970011576,-0.860977949461426
0.39686669867371194,0.03450977294110229,-0.860977949461426
-0.781873224377172,0.02710693898454989,-0.860977949461426
1.1679684834849422,0.10652974759651734,0.6067414912664852
2.02016141515961,0.017743594024986542,0.6067414912664852
-0.9906471427917872,0.1499553656839786,-0.7794250365210411
-2.1819650339653,0.03670092007806334,-0.7794250365210411
-1.2442676062462477,0.08880840847797182,-0.7794250365210411
-2.358389002544869,0.047302410102939355,-0.7794250365210411
-0.4082790467393793,0.051856666999478246,-0.7794250365210411
-1.713382122454305,0.06579022494298001,-0.7794250365210411
0.4683053873698906,0.02114683878539799,-0.7794250365210411
-0.3079625896235534,0.005512654287661862,-0.7794250365210411
-0.5483424758400467,0.07032623083524212,-0.17865336244279506
-0.49530556706922735,0.016570898670916937,-0.17865336244279506
-0.5197619097954987,0.005518564738999485,-0.17865336244279506
-0.21805025409210202,0.03432741826747056,-0.17865336244279506
-2.3527037353041806,0.03783480731502026,-0.17865336244279506
0.09733851397817783,0.06670984592050047,-0.17865336244279506
-0.27925178007203166,0.011784360518974581,-0.17865336244279506
0.23739175443314475,0.06113863326573773,-0.17865336244279506
0.22151876178717622,0.000549506856794204,-0.17865336244279506
-0.3639593986078538,0.00021751296183886057,-0.17865336244279506
-0.2636555854717535,0.020310758899485182,-0.17865336244279506
-1.0231286395630355,0.029857352370643155,-0.17865336244279506
-2.126586896618776,0.1133861957888544,-0.17865336244279506
-0.6397595035306242,0.008401538367472877,-0.17865336244279506
-0.4613167177024696,0.03833209430778461,-0.17865336244279506
-1.6232472307863306,0.12375010694787561,-0.17865336244279506
0.6965736776456428,0.024013283686521624,-0.17865336244279506
-0.5668324020820832,0.03765233926154676,-0.17865336244279506
1.2464603292176988,0.027551827894188845,0.9651104770559324
1.2385328565971292,0.0449746361932115,0.9651104770559324
0.19900352243941777,0.006110198681379584,0.9651104770559324
2.0557866587986524,0.002845275138716887,0.9651104770559324
-0.5009645656510066,0.044624903508086,0.06610991612935457
-0.357318840756729,0.041551016947936066,0.06610991612935457
0.7248450371676345,0.017944115463538055,0.06610991612935457
0.39458677944828735,0.008446073269559396,0.06610991612935457
-2.101336595768808,0.017505938499357516,0.06610991612935457
0.3626669239311558,0.02776083263089296,0.06610991612935457
1.5015801661063983,0.021729486897376454,0.06610991612935457
-0.6467871981138132,0.19276961847408283,0.06610991612935457
0.19343410329241123,0.0056190317755415815,0.06610991612935457
0.6044316267921926,0.005663116325282189,0.06610991612935457
0.7951486715918231,0.00339322239470607,0.06610991612935457
-1.3634628032934857,0.40034089617900454,-0.17865336244279506
0.4181930676694976,0.03414549220832474,-0.17865336244279506
-0.4181197543542362,0.093163449096884,-0.17865336244279506
1.9201267898644667,0.04007973276110287,0.06610991612935457
0.597601437155292,0.1567042384818723,0.6067414912664852
-0.46057995188446765,0.15492096379904172,0.4307273504458189
2.233211621228166,0.0249809571537225,0.4307273504458189
0.9257404497536725,0.027743924835423213,0.4307273504458189
1.0211846983819095,0.05311989008669343,0.4307273504458189
-0.032052874316434,0.09681454283805403,0.4307273504458189
-0.37055819756647423,0.09906541887803412,0.4307273504458189
-0.3494716611907761,0.057856197843928474,0.4307273504458189
1.4825817673026254,0.16134431649855693,0.4307273504458189
0.31167157852550853,0.1052318960676509,0.4307273504458189
1.1356487677419667,0.007780450925001706,0.4307273504458189
0.25597206695222274,0.03122383637910848,0.4307273504458189
3.469268398187232,0.15656234701557775,0.4307273504458189
0.7450180586893584,0.009692124885596315,0.4307273504458189
2.0856616917871973,0.01616320664128905,0.4307273504458189
1.112750030876629,0.01830631871803751,0.4307273504458189
0.6483289135895223,0.005967765784124374,0.4307273504458189
0.19862942888457463,0.007950183017249961,0.4307273504458189
-0.6283570398982541,0.016077718821087588,0.4307273504458189
0.7727532835157647,0.05423936158191266,0.4307273504458189
0.9779520001194478,0.0027714963367883776,0.4307273504458189
-1.2804319622865437,0.024645931347967692,0.4307273504458189
1.9805419920208878,0.03586277848303266,0.4307273504458189
2.3504799537981738,0.042559899983233056,0.4307273504458189
-0.027565475075866208,0.074915418989809,0.4307273504458189
1.2213873375174042,0.033846245666698076,0.4307273504458189
1.738470015326195,0.09287299973493841,0.4307273504458189
-0.6425270893216055,0.022536461873329486,0.4307273504458189
-0.5201731531412879,0.172410567232498,-0.860977949461426
-0.9898923830750614,0.06550546937954693,-0.860977949461426
-0.9188659055292672,0.14434178629815705,-0.860977949461426
-0.4447187113789668,0.1101120358736306,0.06610991612935457
0.2761509647802821,0.07820355059427117,0.06610991612935457
-1.4799207017206752,0.26537594228585015,-0.7794250365210411
1.024882386535334,0.08540315858425371,0.6067414912664852
0.669007945163119,0.0038434519345358726,0.6067414912664852
1.1282067190658505,0.04443683032941705,0.6067414912664852
0.45573845323911755,0.061471174906299185,0.6067414912664852
1.569227864605901,0.02551566461264488,0.6067414912664852
-1.2729027590261852,0.1054823384405835,0.6067414912664852
1.594375837196019,0.013038737991032969,0.6067414912664852
1.2879459594235971,0.040858161972939296,0.6067414912664852
1.6537587348825256,0.019816555337689282,0.6067414912664852
0.3487230639282978,0.049883101318071825,0.6067414912664852
1.3678849830572821,0.004590408147164799,0.6067414912664852
0.5446811510583205,0.030606386900571082,-0.860977949461426
0.9447812825819678,0.016751399460184682,0.9651104770559324
2.159301092728773,0.007254703758135788,0.9651104770559324
2.101330063140597,0.013856936568929994,0.9651104770559324
-0.004237502484465083,0.06978776225431696,-0.7794250365210411
0.4639937470280542,0.010700352592881053,-0.7794250365210411
-0.19731948163954494,0.00728855063301339,-0.7794250365210411
-1.2087296088323012,0.00783410288583254,-0.7794250365210411
-0.30072773919503726,0.04596800525831999,-0.7794250365210411
-0.5508665952169557,0.00098993231403277,-0.7794250365210411
-1.5698573208036177,0.10680473041051484,-0.7794250365210411
-2.3500110019111538,0.08135193987493915,-0.7794250365210411
-1.2551047478521826,0.015412845547429362,-0.7794250365210411
0.8473684105216193,0.009725576558554938,-0.7794250365210411
-1.434635869238805,0.0007904551141468893,-0.7794250365210411
-1.626159761304154,0.0690495135589791,-0.7794250365210411
0.014939848645087184,0.04821790704426332,0.06610991612935457
-0.4615906386637094,0.008709385446719222,0.06610991612935457
-0.2010750561371908,0.05076206505459502,0.06610991612935457
-1.852509502672793,0.1477652108673667,0.06610991612935457
-1.0655488385664516,0.24254988435084276,-0.860977949461426
0.47378486389466934,0.012242076197486611,-0.860977949461426
-0.6377247574226863,0.01897439997414092,-0.860977949461426
-2.3613067542747874,0.12140281101831359,-0.860977949461426
-0.4259631537472145,0.03459932049088921,-0.860977949461426
-1.0083806324395874,0.04158947250039066,-0.860977949461426
-1.3961146980548895,0.0021992548269458233,-0.860977949461426
-1.2465287820928197,0.12849736312049917,-0.860977949461426
-0.46129296600698944,0.2549556916261752,-0.860977949461426
-2.090898681493168,0.04282987349168927,-0.7794250365210411
-1.0428319939613846,0.0008127633106924994,-0.7794250365210411
0.8768105571017426,0.1664484642649765,-0.7490753230209168
-0.3087773409919315,0.014228620741938614,-0.7490753230209168
0.9585257715339945,0.2240559750571646,0.3019147950526111
-0.1565010833565338,0.05181077845450171,-0.860977949461426
-2.023798072022271,0.005335213864885412,-0.860977949461426
0.23895491430737148,0.0020314238228443123,-0.860977949461426
-0.36981697801101493,0.021044074883387325,-0.860977949461426
-1.610210757738504,0.08526230462651266,-0.860977949461426
-1.425374982943349,0.011382440519822115,-0.860977949461426
-2.4871278184738643,0.03823392589338011,-0.860977949461426
-0.6491277987294838,0.03637259617133362,-0.860977949461426
-0.03796414465754816,0.011542504843776655,-0.860977949461426
-0.3352210231071917,0.030582123058259948,-0.860977949461426
1.008874207711395,0.015204104742266158,-0.860977949461426
-2.4224380402223247,0.03745615874126253,-0.860977949461426
-0.48301860753414194,0.04818043657452272,-0.860977949461426
-1.09751179022472,0.05140057491565114,-0.860977949461426
-2.3871222244357666,0.021244661083537116,-0.860977949461426
-1.0038239389797858,0.005298475412376442,-0.860977949461426
-2.2551533462395525,0.2441365224786666,-0.860977949461426
-3.0279633971698257,0.0852084673631708,-0.7794250365210411
-1.6622258670809962,0.015383082704341258,-0.7794250365210411
0.6862001351286977,0.031555852176450086,-0.7794250365210411
-0.38242041684277345,0.028667760469755162,-0.7794250365210411
-0.45981632701251063,0.005758500264189693,-0.7794250365210411
-1.4451799877130749,0.01544191934163306,-0.7794250365210411
0.4952984265832554,0.01669432862656422,-0.7794250365210411
0.40899362638416337,0.06351641438274741,-0.7794250365210411
0.289068669264777,0.05776276163628796,-0.17865336244279506
0.5163380365097618,0.0009019840039609511,-0.17865336244279506
0.16847911657354975,0.0006667310857922399,-0.17865336244279506
0.4119889169400006,0.09423688224056738,-0.17865336244279506
1.4154391837657423,0.07567608359306796,0.9651104770559324
0.9563962182802905,0.11807139528521042,0.9651104770559324
-0.6415125539947967,0.0867431779897463,0.06610991612935457
1.0923526213949784,0.08716366685485953,0.06610991612935457
-1.0326655464910286,0.13714178893339832,0.9651104770559324
-0.029317071211118484,0.00856664949218694,0.9651104770559324
1.1470922551693141,0.0022853042642528836,0.9651104770559324
1.742316432745066,0.023795949501701056,0.9651104770559324
0.7318705513003912,0.10472340939085623,0.9651104770559324
1.5081573271695254,0.016825392727147292,0.9651104770559324
-0.41252154004497865,0.06572468755777108,0.9651104770559324
1.5653606227443166,0.0053428543703330075,0.9651104770559324
1.507497058114422,0.017159481901867574,0.9651104770559324
0.9170969158998595,0.054783293836214914,0.9651104770559324
0.7151007604891089,0.07847926324937399,0.9651104770559324
0.5594886165168969,0.008169914840450335,0.9651104770559324
0.837314108635274,0.03620798166049869,0.9651104770559324
1.39822686861815,0.09393849568271338,0.9651104770559324
-0.34230075041444685,0.1386761128510242,0.9651104770559324
0.7313518890624215,0.006056586594597432,0.9651104770559324
1.726427891185063,0.06226667204524188,0.9651104770559324
2.495387045898058,0.05935000932814035,0.9651104770559324
0.3021061854298308,0.06386502663071338,0.9651104770559324
-0.06439051939598439,0.0355087091558687,0.9651104770559324
0.06536607272499624,0.027872575280332608,0.06610991612935457
-0.6622056033154924,0.07238119016858542,0.06610991612935457
-1.6069141364716932,0.07875515317223405,0.06610991612935457
1.431846265753825,0.05596813012485863,0.06610991612935457
0.16395268939891242,0.0432333988383272,0.06610991612935457
0.2876810874534598,0.04903636493271303,0.06610991612935457
1.6950246829958107,0.002072431641045005,0.06610991612935457
2.2467559102243873,0.028665441362590572,0.06610991612935457
0.20398064137339567,0.002373637431252506,0.06610991612935457
-0.48497085692540676,0.14731030693368755,0.6067414912664852
0.2951984280836945,0.12072872296159598,0.6067414912664852
0.954070108269456,0.07290282205759739,0.6067414912664852
0.9211660454719066,0.018734520289283164,0.6067414912664852
-0.07336922439736315,0.08413852086369719,0.6067414912664852
0.6973435912863614,0.1165769382853504,0.6067414912664852
-1.0290199545821108,0.0711570513604371,0.6067414912664852
-0.1481287624622738,0.04123443489084105,0.6067414912664852
-1.460669506417571,0.026694528739572242,-0.17865336244279506
-1.6375765180089021,0.020745872232680068,-0.17865336244279506
-1.723589719459909,0.11709451864858764,-0.17865336244279506
0.3620859000838075,0.07944055140587285,-0.17865336244279506
1.3200144323317404,0.06219724240903856,-0.17865336244279506
0.912994778657997,0.013804816501782101,-0.17865336244279506
0.006673747017732212,0.0014378515291341926,-0.17865336244279506
-0.08544390620906347,0.042484290584415635,-0.17865336244279506
0.44459048793110467,0.03985945036489724,-0.17865336244279506
0.29493859939950856,0.03875696957699303,-0.17865336244279506
1.0920321558846429,0.15930094736602765,-0.17865336244279506
2.0928645329540596,0.015806009848729607,-0.17865336244279506
-0.9302832765627401,0.1339362824815673,-0.17865336244279506
-0.4439061244546665,0.062359090319080344,-0.17865336244279506
2.4528362215376642,0.04969206344195464,-0.17865336244279506
0.42630794623365786,0.015050422912916564,-0.17865336244279506
-1.2582676134436963,0.06091637886346665,-0.17865336244279506
-1.2701206232864102,0.0448926971545872,-0.17865336244279506
0.3384678920456674,0.020234717223067588,-0.17865336244279506
1.1368381322655916,0.0058424314604887465,-0.17865336244279506
-0.4545516667761241,0.1402179098181568,-0.17865336244279506
-0.16100012928740687,0.0018343356729391953,-0.17865336244279506
-2.8969339344204608,0.02139403267035665,-0.17865336244279506
-0.6159435663813617,0.047765968614329524,-0.17865336244279506
-1.0248059669473752,0.042513697378512405,-0.17865336244279506
0.3118187250201748,0.015458440827780242,-0.17865336244279506
0.22282842572052647,0.017212386710855693,-0.17865336244279506
0.5494943980394561,0.026369930000349522,-0.17865336244279506
-1.1768770931109955,0.13386344499506597,-0.7794250365210411
-0.7712152662987828,0.09605802608271963,-0.7490753230209168
-1.0594740105171125,0.056457048988866006,-0.7490753230209168
0.7214928549217845,0.06251687980541469,-0.7490753230209168
-0.7709566393456225,0.0486977708822738,-0.7490753230209168
-0.43303164775180597,0.04180287232333998,-0.7490753230209168
-1.9199972690425307,0.004811287453370908,-0.7490753230209168
0.7181447985701668,0.10658927687053592,-0.7490753230209168
0.4298338486006787,0.22846435761008815,0.06610991612935457
-1.3978543992692762,0.04485983940464105,0.06610991612935457
-1.5923560999337512,0.03404262192618402,0.06610991612935457
-0.4281401257798074,0.017233503421603263,0.06610991612935457
-0.5328071565339653,0.07466346150104268,0.06610991612935457
-1.5279321691759553,0.101823361241228,0.06610991612935457
1.7022658071805399,0.03348086606588123,0.06610991612935457
0.6087356425170928,0.02967058309574019,0.06610991612935457
-0.5389633182490091,0.07168431784671024,0.06610991612935457
-0.5363754064638897,0.18218052862728293,0.4307273504458189
0.6430160352861769,0.09423437623195095,0.4307273504458189
-0.6379236252255622,0.07880885212855872,0.4307273504458189
-0.38175745365425306,0.06543040938879016,0.4307273504458189
0.6578533728717175,0.029805625124393612,0.4307273504458189
0.5792878456758223,0.021908285786383933,0.4307273504458189
-0.17307783259689735,0.018668674897730775,0.4307273504458189
0.9607951634877134,0.07340588123537185,0.4307273504458189
-0.4909557322901005,0.018940951965370174,0.4307273504458189
0.7908843603417113,0.02189464475507199,0.4307273504458189
0.4289636837899057,0.037100330493296196,0.4307273504458189
-0.08247455185852715,0.006758646862455836,0.4307273504458189
-0.99285804787977,0.11902220623246358,0.4307273504458189
1.1852391679976646,0.10281258083382641,0.4307273504458189
1.1467881224433776,0.03624627493821963,0.3019147950526111
0.7395318412011398,0.09457990006789381,-0.7490753230209168
-1.4659727833141103,0.04579051617574258,-0.7794250365210411
-1.40888271488741,0.015531901467765763,-0.7794250365210411
-1.9193769897832342,0.01431346227248188,-0.7794250365210411
0.4153972764154964,0.003425148727989863,-0.17865336244279506
-0.3955681258540267,0.022031757833740968,0.06610991612935457
1.2405545857436961,0.07563375452702967,0.9651104770559324
0.5132397610755317,0.15693969478026912,0.3702494279935937
0.046850669519380383,0.003421062952191806,0.3702494279935937
-0.4294097708709431,0.10013754380886761,0.3702494279935937
-1.125596092052299,0.016194418426042155,0.3702494279935937
0.6234664959745275,0.028087111603530775,0.3702494279935937
0.977036273122388,0.09648631382895226,0.3702494279935937
-0.3895629977243822,0.01116899722431264,0.3702494279935937
1.038255191237538,0.07823533535966455,0.3702494279935937
1.0999561036247871,0.00866948413039905,0.3702494279935937
0.7074086599639178,0.14079576233680682,0.3702494279935937
1.7280814759959975,0.0074083834869031065,0.3702494279935937
0.22487727194827978,0.03891034685326153,0.3702494279935937
-0.6449914743379235,0.0904688050937769,0.3702494279935937
-0.24118786529632974,0.09601903740902099,-0.860977949461426
-1.1357693687844312,0.08989634278413633,-0.860977949461426
-1.0688609610220734,0.03216420009185467,-0.860977949461426
-0.4189117394323963,0.08185485447010904,-0.860977949461426
-3.126341498565871,0.003465461206135391,-0.860977949461426
1.3314495340342885,0.09554328151388891,0.4307273504458189
0.26818361045358985,0.004473701922888715,0.4307273504458189
-0.04697328196681483,0.11829098094141435,0.4307273504458189
-0.4948054982875142,0.00030137419749042476,0.4307273504458189
0.7901455877669878,0.021941255452343208,0.4307273504458189
-0.522594660435736,0.005004635980635293,0.4307273504458189
1.968236269193703,0.02110684118176277,0.4307273504458189
-0.3303352757230431,0.06465508350302755,0.4307273504458189
0.22691502091769897,0.028138680673052602,0.4307273504458189
0.17917200811322692,0.06443410473065028,0.4307273504458189
-0.5464965344927836,0.03600435649395271,0.4307273504458189
1.6447402695073137,0.03920966695218795,0.4307273504458189
0.18925378538355844,0.11004598599991819,0.4307273504458189
1.2788512480149619,0.0441742825787039,0.4307273504458189
-0.03918615366745859,0.08224226094316915,0.4307273504458189
-0.6656134670219491,0.08977471636819923,-0.7794250365210411
-1.1998677794336947,0.16079103897857333,0.3019147950526111
-1.4457030705289298,0.07711713154016417,0.4307273504458189
0.6134446152710739,0.06758317107849464,0.4307273504458189
1.022932546279363,0.028408302996585907,0.4307273504458189
1.1346382256405603,0.006163432089911508,0.4307273504458189
-1.0023913733774068,0.00945249310139876,0.4307273504458189
-0.22275115173426063,0.1844078764814281,0.06610991612935457
-2.150069336483106,0.04492220485654785,0.06610991612935457
0.19727206379503787,0.046550403499513865,0.06610991612935457
-0.614950427559004,0.06142495132647572,0.06610991612935457
0.7342140775429158,0.0495281816952205,0.06610991612935457
0.5788542432262253,0.08607372166605483,0.06610991612935457
0.15135237163952453,0.01993688625370318,-0.7490753230209168
-1.7796554398171711,0.02959480740175538,-0.7490753230209168
-0.30834086142488915,0.00334124668357685,-0.7490753230209168
-0.6954809981775241,0.02236290463011673,-0.7490753230209168
-0.11172981181442398,0.0929620658230044,-0.7490753230209168
-0.8874635190538016,0.0028429350081378355,-0.7490753230209168
-0.44538132048001056,0.03415294461398496,-0.7490753230209168
-1.2319833921021435,0.0949288962745477,-0.7490753230209168
-1.873028968174792,0.023411290286770303,-0.7490753230209168
-1.806998438561974,0.012408702088712547,-0.7490753230209168
0.3866144261407318,0.03811766143978467,-0.7490753230209168
0.7076875079884897,0.21031353386309198,-0.17865336244279506
-1.1009289579471138,0.024284943656281255,-0.17865336244279506
-0.3551894505236316,0.03916895937712512,-0.17865336244279506
0.009143680096930784,0.0674961846230537,-0.17865336244279506
0.6351231042773677,0.016757051769656778,-0.17865336244279506
-0.5751975471190742,0.01863802136696561,-0.17865336244279506
-0.23067642169782582,0.026544808613475638,-0.17865336244279506
-0.2065845163452351,0.01535506739077821,-0.17865336244279506
-1.6851370418749732,0.10976060408596085,-0.17865336244279506
0.5109521743823419,0.06999885854708945,-0.17865336244279506
-1.2522960404922,0.059385630853575455,-0.17865336244279506
-0.4625021144769148,0.16307840178309801,-0.17865336244279506
-0.2888261862989438,0.11686015637948799,-0.17865336244279506
-0.8064888364741666,0.026636519271358503,-0.17865336244279506
0.11623247763114364,0.02139142315976902,-0.17865336244279506
0.017362921732352404,0.01419177574945373,-0.17865336244279506
0.38821114945881297,0.009488540023674044,-0.17865336244279506
-0.3246919719715542,0.03888204405178511,-0.17865336244279506
-0.5596894184995396,0.014597852723836149,-0.17865336244279506
0.38554160621758904,0.012940435697019192,-0.17865336244279506
-1.1593728092010753,0.09146335658517177,-0.17865336244279506
0.21827628183392467,0.004784836143221088,-0.17865336244279506
1.9222908252308275,0.007017513562892869,-0.17865336244279506
0.4893329284519714,0.048273348116240934,-0.17865336244279506
2.412916452967789,0.16364131117064218,-0.17865336244279506
0.06567209619449862,0.15864094090037179,-0.17865336244279506
0.9051383220137911,0.15976343924134376,0.06610991612935457
-0.36072630057453814,0.040198162401841986,0.06610991612935457
1.9231596634791832,0.025808727797319887,0.3702494279935937
0.9112463218905832,0.007932717343084844,0.3702494279935937
1.4931271896890805,0.07385929662132876,0.3702494279935937
-0.5677740747002379,0.02121436766328443,0.3702494279935937
0.12754671364494774,0.10601000757235768,0.6067414912664852
0.12303648000890138,0.04590603199514358,0.6067414912664852
2.556843845417954,0.02331529861402624,0.6067414912664852
-0.007461140465394811,0.0043937428795118244,0.6067414912664852
0.07237178268186706,0.015844070129569315,0.6067414912664852
-0.9038185915347118,0.16554940466279258,-0.17865336244279506
1.4058614040112032,0.03975045878105584,-0.17865336244279506
1.936241020364835,0.024585108016660768,-0.17865336244279506
-0.18066937656762092,0.021499467936156095,-0.17865336244279506
-0.6671790639052498,0.09024021332988191,-0.17865336244279506
0.3508022342877347,0.14059666758055156,-0.17865336244279506
-1.6377660949109525,0.14768711090926775,0.6067414912664852
2.0840935250177197,0.03468892767442915,0.6067414912664852
0.3099764861580997,0.09572690147827786,0.3702494279935937
0.6035231613450674,0.17719734081911376,0.3702494279935937
0.18703549977295345,0.09496889868056693,0.3702494279935937
1.2964043865017907,0.03049753155712404,0.3702494279935937
-1.2956844253225883,0.032438427874935706,-0.860977949461426
-0.8793832281216236,0.012289151231644488,-0.860977949461426
-1.3491078617659844,0.017171282583263777,-0.860977949461426
-0.10541347797075529,0.05157161088581238,-0.860977949461426
-2.3897097802876277,0.014383618389809094,-0.860977949461426
0.5166961201889593,0.056098341520932675,-0.860977949461426
-2.470186875035851,0.05787209029104644,-0.860977949461426
0.37485326043752987,0.011829789515351546,-0.860977949461426
-1.5101166529359245,0.05150873350509524,-0.860977949461426
-2.0218411569970636,0.07572800368159202,-0.860977949461426
-1.4441823192192795,0.041149658426564095,-0.860977949461426
-0.04906559930661958,0.14404228772028013,-0.860977949461426
1.641909065895632,0.061261955865436826,0.6067414912664852
0.6769087684005398,0.0744360615839494,0.6067414912664852
0.47339302636227365,0.02519778996217907,0.6067414912664852
1.714713073640194,0.052152954295323566,0.6067414912664852
-0.8276476312768237,0.04070032145285704,0.3702494279935937
-0.2551785582881769,0.007390686411821549,0.3702494279935937
-0.23067708537677067,0.014384947259685726,0.3702494279935937
-0.5977428174683279,0.04014044161279479,0.3702494279935937
0.055361218502524845,0.040324009997084055,0.6067414912664852
0.3493269581767611,0.04586102906519624,0.6067414912664852
1.8518867521231361,0.13291108032180304,0.6067414912664852
0.6357903465000608,0.005102636676335614,0.6067414912664852
1.8067372743166483,0.21979624716303942,0.6067414912664852
-0.9511258345875144,0.04539469518419311,0.6067414912664852
0.13924156053994574,0.0024327573006332516,0.6067414912664852
-0.8109120305813826,0.016894003679444863,0.6067414912664852
1.6456015471902816,0.004603544983850225,0.6067414912664852
-0.12053166637285895,0.011465133708094193,0.6067414912664852
0.7981367610708672,0.01340898221698203,0.6067414912664852
0.7384168181616462,0.05662994394009465,0.6067414912664852
-1.270786661046938,0.10274071521315158,0.4307273504458189
1.9154389197919037,0.16350485149209726,0.4307273504458189
-0.03606525863483534,0.19921484520196853,0.4307273504458189
0.1744669153541345,0.008867366638218271,0.4307273504458189
1.8062016847975775,0.11913691412858268,0.3019147950526111
0.5815738703843467,0.007575061471388204,0.3019147950526111
0.17145272851728816,0.06676413181610982,0.4307273504458189
1.203949861998597,0.024364309178561475,0.4307273504458189
0.8321873573225108,0.012279619399987255,0.4307273504458189
-0.11497169050143441,0.13172166962618342,0.4307273504458189
-1.1780246549946163,0.048798074075997434,0.4307273504458189
1.560605596280897,0.03834365122556317,0.4307273504458189
0.17261012693952876,0.008400511220058499,0.4307273504458189
-0.17632876555549692,0.1695258861504297,-0.7490753230209168
-1.6445765807693302,0.0011204867987721085,-0.7490753230209168
-0.04803474694165577,0.009540492710538402,-0.7490753230209168
1.0082834236251967,0.2521112103310737,0.6067414912664852
0.36102625578536657,0.042604801550667586,0.6067414912664852
2.24907536825934,0.0008907654718127188,0.6067414912664852
-0.043104087238885036,0.03737683458476215,0.6067414912664852
0.12846556749214888,0.0313530596147006,0.6067414912664852
0.6995191413834106,0.03238298504395243,0.6067414912664852
-0.15415829122170832,0.07482700147253173,0.6067414912664852
0.7496981730814931,0.10969678868269425,0.6067414912664852
-1.3649833514447736,0.061612363456930164,0.6067414912664852
0.860667932730348,0.16678680564286358,0.3019147950526111
0.5000828155029373,0.02527900906797865,0.3019147950526111
2.6167666649317924,0.20044465721015287,0.06610991612935457
-1.02340481448023,0.036127607107314205,0.06610991612935457
0.5752180196860853,0.0015036352388922885,0.06610991612935457
-0.33394238935391213,0.02622130900599072,0.06610991612935457
-0.75437066392011,0.013964297326677809,0.06610991612935457
0.9838951803797156,0.02200132713824975,-0.17865336244279506
1.6733803260904785,0.008901289522958962,-0.17865336244279506
0.6395356307354637,0.07157497989518807,-0.17865336244279506
1.9537331894736232,0.009787613862951901,-0.17865336244279506
-0.6794702380207757,0.008150262157668632,-0.17865336244279506
0.37430873088698025,0.06286102292789755,-0.17865336244279506
-0.035511032267001724,0.09464092188679735,-0.17865336244279506
1.1902767712259092,0.04187573912988587,0.4307273504458189
0.14799398291696464,0.029523921116620964,0.4307273504458189
0.949045177788074,0.053023128830809216,0.4307273504458189
1.3624691105384135,0.0724844210791987,0.4307273504458189
1.280163180358164,0.00567112281238086,0.4307273504458189
0.8659243954295803,0.018131189344802172,0.4307273504458189
0.6552587257332332,0.021869195100700126,0.4307273504458189
-0.014322807441158103,0.02469413159488123,0.4307273504458189
1.333384768726898,0.1438830001756025,0.3019147950526111
-0.055602241632207505,0.01461760733180086,0.9651104770559324
-0.043452811591006446,0.024697096675343384,0.9651104770559324
-0.8286779640315374,0.041256490821946136,0.9651104770559324
1.3801364051269935,0.05084501269133152,0.9651104770559324
0.8212600129361388,0.007338599931130058,-0.17865336244279506
-1.0257002490874128,0.041502994492249916,-0.17865336244279506
1.9419763108680912,0.11184013068990963,0.06610991612935457
-0.7942756370284776,0.004630888079850777,0.06610991612935457
-0.846486948359152,0.004850449040425454,0.06610991612935457
0.11273314486303662,0.06791238870761895,0.06610991612935457
1.5434124483268146,0.03633714487987017,0.06610991612935457
-0.5423330807731297,0.040353711262017034,0.06610991612935457
-0.2131903467035401,0.175859156692163,0.06610991612935457
0.33772035772252007,0.04251384584090752,0.4307273504458189
0.20120083430031682,0.0836752342357595,0.4307273504458189
-1.286830095975835,0.0036956116342767194,0.4307273504458189
0.09041188650838017,0.05264322876262002,0.4307273504458189
0.003346187732849143,0.14647885000826527,0.06610991612935457
-0.25580554839616504,0.14019464938868711,-0.17865336244279506
0.7478409177656734,0.03088245297431394,-0.17865336244279506
-0.0710556952106968,0.11509621760791253,-0.17865336244279506
-0.6131349646134958,0.050512962593468755,-0.17865336244279506
1.0344124722723569,0.019310664373596062,-0.17865336244279506
0.138526041331262,0.04202073019029732,-0.17865336244279506
2.1281511058057823,0.014804897316750755,-0.17865336244279506
0.5368055793331162,0.06968673348661722,-0.17865336244279506
-0.8796650382155323,0.12204263522098541,-0.17865336244279506
-1.3828377676080927,0.1027418296872786,-0.17865336244279506
0.12097240367754086,0.014778633948139806,-0.17865336244279506
0.8708694108472437,0.0298419430383495,-0.17865336244279506
-2.726192076279007,0.030727629435985303,-0.17865336244279506
-1.1844533704549178,0.0011873716861304242,-0.17865336244279506
-2.408480598666214,0.05571134880496991,-0.17865336244279506
0.16533803807997416,0.024358494971068935,-0.17865336244279506
-0.7193899318968238,0.002577252551230587,-0.17865336244279506
0.44276674139845873,0.01425641268230184,-0.17865336244279506
-1.1341729358494161,8.373304474856766e-05,-0.17865336244279506
0.2271216838115649,0.01843338717888034,-0.17865336244279506
-1.6859138551934394,0.03548050414076081,-0.17865336244279506
-0.49910049269541806,0.32070136643040853,-0.17865336244279506
0.46882833380024413,0.04598464080132477,0.9651104770559324
0.5123087347058803,0.1465799528533949,-0.7490753230209168
-0.2063177379180161,0.04140918963519747,-0.7490753230209168
-1.5031369114658486,0.13881618078448368,-0.17865336244279506
-1.4954465703217077,0.08682311172172885,-0.17865336244279506
-0.2774169416721298,0.012869320826067296,-0.17865336244279506
-0.37704341465836055,0.2185170126265875,-0.17865336244279506
-0.3583109162536858,0.07265486909633,-0.17865336244279506
-0.4404481809745172,0.006718345266999967,-0.17865336244279506
-0.19015344692404795,0.045276039944080596,-0.17865336244279506
0.7264229249831656,0.019784813907573223,-0.17865336244279506
0.24644319730456826,0.064556715508703,-0.17865336244279506
0.5169088954292695,0.12801468722898068,-0.17865336244279506
-1.137207425292398,0.04044149382546482,0.3702494279935937
-0.123358070562063,0.13285398651471764,0.3702494279935937
-0.8619841142133677,0.03904156427938733,-0.7490753230209168
-1.2950140070102583,0.0037056428996126837,-0.7490753230209168
0.06833866002309708,0.00642897327679827,-0.7490753230209168
-1.8653033528889207,0.15470463491690628,-0.7490753230209168
-0.8654869185632752,0.00046608036729359903,-0.7490753230209168
-0.5967584998903018,0.04128234002003466,-0.7490753230209168
0.507090637374406,0.09016637494573693,-0.7490753230209168
-1.6571459495661354,0.030373093915366436,-0.7490753230209168
0.6231099831737754,0.034129011180268544,-0.7490753230209168
-1.7666120608922802,0.03908953212602373,-0.7490753230209168
-0.6560392599042717,0.022578608741795105,-0.7490753230209168
-2.0105355682909503,0.022377972442998897,-0.7490753230209168
-0.6852235090775853,0.01197877797745916,-0.7490753230209168
-0.8833592530686049,0.15127104400525662,-0.7490753230209168
-0.37297046417399343,0.03916115644687394,-0.7490753230209168
-1.8025433107526718,0.035379781032599,-0.7490753230209168
-0.8721770452098395,0.024140241979630064,-0.7490753230209168
0.22213918706570301,0.05497718023487776,-0.7794250365210411
1.4954246601843248,0.059731867018394176,-0.7794250365210411
-0.18863424148112246,0.04651590824502218,0.06610991612935457
0.7194133125284388,0.1660815474777853,0.06610991612935457
0.44838681360764604,0.06237123532277829,0.06610991612935457
-0.7709172297847284,0.02604086654495968,0.06610991612935457
-0.7909564375322018,0.07266922077312384,0.06610991612935457
0.8306376438301977,0.004506604353224514,0.06610991612935457
1.0316693328082576,0.02910758315805155,0.06610991612935457
-0.9575437871234678,0.028755413866036545,0.06610991612935457
1.5307184783939392,0.0009018117178642109,0.06610991612935457
0.5918511287060592,0.03535679150575339,0.06610991612935457
1.1196295324396095,0.03955948578202487,0.06610991612935457
0.5080344683333751,0.05532837106666656,0.06610991612935457
0.22749584628742395,0.009268349778076973,0.06610991612935457
-2.0707489816925824,0.1448661176072886,0.3019147950526111
-0.30404138897280597,0.001218464801691426,0.3019147950526111
0.1303653707456105,0.053944497951012506,-0.7490753230209168
-1.610448820475697,0.006840471159265315,-0.7490753230209168
-0.3337945476290853,0.000501430351206179,-0.7490753230209168
-1.6357541219767773,0.045877158459053984,-0.7490753230209168
-1.3316030976847226,0.053206417035009196,-0.7490753230209168
-1.7757596674986018,0.01609020953299294,-0.7490753230209168
0.14459551662515857,0.037843727060789374,-0.7490753230209168
1.9114640027444703,0.12245129897257286,-0.7490753230209168
-0.5483016074648739,0.042453399520088884,-0.7490753230209168
-1.0065326176126024,0.07955826446564593,-0.7490753230209168
-0.4988621846829455,0.1577026432223066,-0.7490753230209168
-1.9432450398180425,0.023228851749390142,-0.7490753230209168
-1.7780169458710149,0.10361238547468808,-0.7490753230209168
0.4872592061569214,0.018513294081455287,-0.7490753230209168
0.5900506392558951,0.008235932234786148,-0.7490753230209168
0.2603884774375431,0.10306991321522958,-0.7490753230209168
-0.6505153512129654,0.08594914316274622,-0.7490753230209168
-2.2014936283518107,0.39355477259371546,-0.860977949461426
0.2854270015413891,0.00867291633342918,-0.860977949461426
-1.435604975955164,0.05963825606515781,-0.860977949461426
-1.145683464442587,0.08562790121095448,-0.860977949461426
-0.27446817026754056,0.02679749350642214,-0.860977949461426
-0.3212240860256962,0.0470775924285238,-0.860977949461426
-1.0482633812154494,0.09495305607338242,-0.860977949461426
0.809301246510326,0.012997751443201132,-0.860977949461426
-1.119488291272902,0.00374991641124196,-0.860977949461426
-1.5596722572172368,0.015497703186220978,-0.860977949461426
-1.119746636380562,0.014121210230156809,-0.860977949461426
-0.8952810161593836,0.06852845045012232,-0.860977949461426
-1.1317516688239775,0.0016923446103907366,-0.860977949461426
1.358249389673586,0.28487338012925106,0.6067414912664852
-0.8345487020392663,0.060752478812873593,0.9651104770559324
0.1527637290404511,0.06332804722475474,0.9651104770559324
0.13565080289140474,0.018253649146486375,0.9651104770559324
-1.973839859853371,0.11412471687515571,-0.7490753230209168
-0.522211111225926,0.05683453413951304,-0.7490753230209168
1.449191810884099,0.07032981669148315,-0.7490753230209168
-1.8363560501268048,0.04187440405107142,-0.7490753230209168
-0.40134855632726607,0.039613919488700064,-0.7490753230209168
-0.9213261137208572,0.08347876705531176,-0.7490753230209168
2.08241520514774,0.04911335023894984,-0.7490753230209168
-1.2153640515522972,0.023202924843530644,-0.7490753230209168
-1.23649438471644,0.07166600254415163,-0.7490753230209168
0.21725260230068688,0.02230493105348053,-0.7490753230209168
-1.6425102523203283,0.009432112880354997,-0.7490753230209168
-0.8734491333328263,0.010231138949474946,-0.7490753230209168
-1.0681943881903035,0.01877201142477022,-0.7490753230209168
-0.5789804178049679,0.05759138298694427,-0.7490753230209168
-1.3754902050848985,0.016697460775720502,-0.7490753230209168
-0.9001780249682518,0.011467736396633926,-0.7490753230209168
-0.5813464267385621,0.007097183153241461,-0.7490753230209168
-1.4737891590429646,0.09765465386298655,-0.860977949461426
-1.9668939688398692,0.0209918943542577,-0.860977949461426
-1.8943344197916963,0.006646346141375684,-0.860977949461426
1.4696192547575238,0.16877505414586577,0.9651104770559324
0.6709922279394407,0.044492191124918264,0.9651104770559324
0.3228460671868413,0.0006006764390452884,0.9651104770559324
-1.5454069551439364,0.001771195183238569,0.9651104770559324
0.553998309895839,0.028641466944388457,0.9651104770559324
-1.5849874215260027,0.08880275973600352,0.4307273504458189
0.5869766487368273,0.010600657896629178,0.4307273504458189
-0.4544782004850212,0.0430055728360325,0.4307273504458189
0.9026030068512628,0.05459314945737832,0.4307273504458189
0.1916815961746774,0.041588692578613945,0.4307273504458189
-0.7282041795724468,0.006424192994923627,0.4307273504458189
1.5045326685163114,0.04121882377487958,0.4307273504458189
1.5203828480363144,0.021665113289657194,0.4307273504458189
0.22092788475276498,0.06278613019385401,0.4307273504458189
-0.8132832656810602,0.06815723932697856,0.4307273504458189
1.8906466664704489,0.2575298065968317,0.4307273504458189
0.2782165023871272,0.04736398377051451,0.4307273504458189
1.8506762907219219,0.0039044404285679497,0.4307273504458189
-0.3217801753200522,0.013876421620250356,0.4307273504458189
1.97638374310891,0.038947750232355624,0.4307273504458189
0.18018329231964603,0.08995351284675693,0.4307273504458189
0.026643746619083697,0.049886679639882324,0.4307273504458189
0.3038137355212946,0.016663207804472297,0.4307273504458189
-0.015184604771990018,0.056816832028199954,0.4307273504458189
1.2783803327731702,0.023712579390802315,0.4307273504458189
1.250325744214397,0.01191031683150037,0.4307273504458189
0.6649710842651358,0.0016187533795948012,0.4307273504458189
-0.8676187061591447,0.03243894499283574,0.4307273504458189
0.1404662628665997,0.07043668701399379,0.4307273504458189
0.22398794091316698,0.03417028520078762,-0.7490753230209168
-0.8548829309233926,0.044746682031390365,-0.7490753230209168
-1.0817089770439672,0.047618437390195764,-0.7490753230209168
1.4392082021448103,0.032694253736562685,-0.7490753230209168
-1.6891041644670441,0.06893726757059787,-0.7490753230209168
-0.32481610255138427,0.03473876442492476,-0.7490753230209168
-1.1528214558041041,0.0920024410269586,-0.7490753230209168
0.2322801249347778,0.0969936725648547,-0.7490753230209168
-2.349916413392392,0.0013452719341749803,-0.7490753230209168
0.07037265724187436,0.20412285222341175,-0.7490753230209168
0.46300351316650135,0.0015052627161579297,-0.7490753230209168
0.44452870254697485,0.03472587801508864,-0.7490753230209168
-0.7857649142991613,0.0029433493717149904,-0.7490753230209168
-0.39418049080489953,0.04567527786949817,-0.7490753230209168
0.667903709194593,0.04702725505948449,-0.7490753230209168
-0.16717945909791998,0.03540932747774328,0.3702494279935937
-0.3326906777329318,0.14923563673448131,0.3702494279935937
0.08724495368906116,0.00905093894715801,0.3702494279935937
-2.1479401276791292,0.16817568771293562,0.06610991612935457
1.5607319722004231,0.002961387214261235,0.06610991612935457
-0.03029419200098306,0.0006483594823173914,0.06610991612935457
3.0647935243747426,0.09133369246306987,0.9651104770559324
0.7150930012291562,0.025770674224643568,0.9651104770559324
1.2768303242950605,0.025611702902128844,0.9651104770559324
0.47187010270662516,0.0006773929653255271,0.9651104770559324
1.8639473045855235,0.05366667335085527,-0.17865336244279506
0.28674340263911374,0.03154419294677942,-0.17865336244279506
1.3145764876365205,0.1101766541894995,-0.17865336244279506
-1.468315244079635,0.0735818491282904,-0.17865336244279506
-0.25586839755472063,0.025518773222978745,-0.17865336244279506
-1.0297238741837695,0.030140054346959107,-0.17865336244279506
-0.651078615065007,0.11918290113697494,-0.17865336244279506
0.4934079337549001,0.014948602476847733,-0.17865336244279506
-0.9316163871247235,0.05049309654018151,-0.17865336244279506
1.426567753801124,0.011523380763587587,-0.17865336244279506
-0.4376414129888898,0.0574731891792977,-0.17865336244279506
0.0764541252487872,0.03352793303864934,-0.17865336244279506
1.2432187618282,0.008487631478660109,-0.17865336244279506
-1.1481892564155218,0.01236048138043637,-0.17865336244279506
-0.1962438660773801,0.018014472441683395,-0.17865336244279506
-1.2267465252191596,0.028932747741038364,-0.17865336244279506
-1.6698978700896807,0.01270583159008387,-0.17865336244279506
0.2556630090925952,0.011542769757022044,-0.17865336244279506
0.21132049068172615,0.004947119393092311,-0.17865336244279506
-0.10624568264242032,0.0842114267311192,-0.17865336244279506
0.49312946615648157,0.0029492479925571336,-0.17865336244279506
0.3254642856291732,0.09314877351949624,-0.17865336244279506
-0.5216626319345777,0.03037588867161777,-0.17865336244279506
-0.981759754693969,0.008148714943829873,-0.17865336244279506
-1.2446066644436102,0.00693384178569811,-0.17865336244279506
-0.9083916635779961,0.03414047758760797,-0.17865336244279506
-1.641309719229945,0.03822984447021393,-0.17865336244279506
0.7442308065917088,0.10034649052136765,0.3702494279935937
0.4275362962387613,0.05654755182765264,0.06610991612935457
-0.6735873309641002,0.03887643017452297,0.06610991612935457
-0.5568338655984544,0.028734234012028164,0.06610991612935457
-0.02984414166835181,0.18694861583940844,0.06610991612935457
0.08912365408196574,0.000566634363408023,0.06610991612935457
-1.1944506561703536,0.05226051219121147,0.06610991612935457
-0.7744580187162782,0.06720867972386138,0.06610991612935457
1.0365174082243542,0.016512823878255516,0.06610991612935457
-0.542452310637749,0.014933457008246684,0.06610991612935457
-0.7161940333722857,0.005580608214144909,0.06610991612935457
0.01339640382964373,0.01870206600705029,0.06610991612935457
-1.0402996627947914,0.02296199495504806,0.06610991612935457
1.8802721882455946,0.09033877546937076,0.06610991612935457
-0.15321945783797705,0.040166653366500486,0.06610991612935457
-0.7545010813370792,0.01742052135511737,0.06610991612935457
0.6485324481851847,0.06207903117310337,0.6067414912664852
-0.9710806887805574,0.07945935964070416,0.3702494279935937
-1.8612177181795293,0.027931066607382423,-0.7794250365210411
-0.264968959761531,0.004969516208298471,-0.7794250365210411
-0.20674227338553297,0.07473229553769906,-0.7794250365210411
-0.8978493363041156,0.07527839701079202,-0.7794250365210411
-0.006383975842266687,0.021810549827690654,-0.7794250365210411
-0.911760370965738,0.013936229676049482,-0.7794250365210411
-1.0513521887652515,0.11752648504610916,-0.7794250365210411
-2.030855949135644,0.0168087590747001,-0.7794250365210411
0.02726045109846298,0.02849599930689894,-0.7794250365210411
-0.6014545984306663,0.013058222066666124,-0.7794250365210411
0.8714794571401365,0.05312113262468251,-0.7794250365210411
-1.0659870622775363,0.00701211448057938,-0.7794250365210411
-0.02121279018472899,0.016931866702780993,-0.7794250365210411
-1.700526179610049,0.01371018574880349,-0.7794250365210411
-1.9914247778870544,0.1103231603657037,-0.7794250365210411
0.9297500737709536,0.01835147734319332,-0.7794250365210411
0.4053308706715246,0.016504947243890362,-0.7794250365210411
0.3856385469075163,0.13588964718006263,-0.7794250365210411
0.6447184559525142,0.03221812642259941,0.6067414912664852
0.14890690177652915,0.04466308822517551,0.6067414912664852
-0.008566801002279356,0.05039592569421309,0.6067414912664852
0.3527143333171797,0.08730631132823374,0.6067414912664852
0.7186690862753933,0.010109024439073059,0.6067414912664852
1.5636105787967565,0.014237470884144872,0.6067414912664852
1.8831008958372508,0.05007350418673908,0.6067414912664852
-0.011877802558080464,0.009877065807650577,0.6067414912664852
0.06357981968894777,0.019566834529069533,0.6067414912664852
1.4686574126356824,0.023091179658836797,0.6067414912664852
0.10790606708569167,0.0272294060655548,0.6067414912664852
0.9388948210637784,0.05328982843771936,0.6067414912664852
1.347934657457624,0.15721082806930906,0.6067414912664852
0.9597806669903413,0.08890278840597252,0.6067414912664852
0.38471800931120786,0.019096451997678593,0.6067414912664852
-0.5995877011693473,0.13855827915645336,0.6067414912664852
-0.1591357141907742,0.1994031088873681,0.3702494279935937
-2.7821831830174735,0.11507810916194822,-0.860977949461426
-0.8576959657248845,0.03753353538086799,-0.860977949461426
-1.0017538048052328,0.035452957296320746,-0.860977949461426
-0.33621902028552164,0.0010203667697437423,-0.860977949461426
0.47775881647298735,0.015530362414434881,-0.860977949461426
-2.503119159522071,0.0366069948680437,-0.860977949461426
0.19267606479173383,0.00015026152883889347,-0.860977949461426
-1.9063073872504301,0.04218445961263003,-0.860977949461426
-0.8359412039637568,0.0269094755872005,-0.860977949461426
-0.5665931693342653,0.07012568894235847,-0.860977949461426
-0.5835549894825138,0.06317211015569425,-0.860977949461426
0.4723651517959859,0.05800936388160338,-0.860977949461426
-1.7852569219886214,0.014667471725235437,-0.860977949461426
-1.4084534177100207,0.028831454026609825,-0.860977949461426
-0.8246462530356711,0.017694395785683804,-0.860977949461426
0.08435216963057668,0.005961952147214513,-0.860977949461426
-1.2792601112731086,0.08494966399246004,-0.860977949461426
-1.4282997315244959,0.02237178462380991,-0.860977949461426
-1.4357278031226754,0.0841992612337792,-0.860977949461426
-0.9997704078821993,0.001625745779990207,-0.860977949461426
0.44220309602277386,0.02001707968585515,-0.860977949461426
0.7913181247359891,0.037069558678943196,-0.860977949461426
0.08410518155407554,0.15399723614113392,-0.860977949461426
-1.0066635858556248,0.09484189605554219,-0.860977949461426
-1.7121116737064357,0.005886994047071756,-0.860977949461426
-0.6417638733853639,0.0037827462967897126,-0.860977949461426
-0.9189374122654952,0.02497013324608663,-0.860977949461426
-1.3217339983638206,0.06524440089199215,-0.860977949461426
-0.8972962259390306,0.001481560573425366,-0.860977949461426
-2.403700848088442,0.04293566159231796,-0.860977949461426
0.6501912168121935,0.15140335429357327,-0.860977949461426
-0.10438744065671857,0.12122076614996391,-0.860977949461426
0.5740010451438653,0.03737780233254103,-0.860977949461426
-0.43210389624562695,0.007625452994719672,-0.860977949461426
-1.0638711090562598,0.0416228263148857,-0.860977949461426
-0.42631083931899183,0.08154116408132359,-0.860977949461426
-0.2182690524447809,0.003503973736889755,-0.860977949461426
-1.1607220744038829,0.0003578519934100444,-0.860977949461426
-1.8882531905845121,0.030003946565294846,-0.860977949461426
-1.8795959606595292,0.030305614571493757,-0.860977949461426
-1.7216215711883445,0.011535739553571003,-0.860977949461426
-0.08999348312972966,0.006262150973760546,-0.860977949461426
-1.3731659235600175,0.12141385942586949,-0.860977949461426
-0.3833879473113614,0.1422095861928564,-0.860977949461426
-1.469243117858637,0.009882601501010477,-0.860977949461426
-0.5433469631079213,0.012747852514144814,-0.860977949461426
-0.7510319077923437,0.03116432485816644,-0.860977949461426
-2.078841209889174,0.023065759681677504,-0.860977949461426
0.19909680052133183,0.022234904989807656,-0.860977949461426
0.22009325247483758,0.03935332604558511,-0.860977949461426
-0.9967243186172413,0.020038336401728703,-0.860977949461426
-0.9752791618048031,0.038719992509951145,-0.860977949461426
-1.565816201126819,0.01853769591181542,-0.860977949461426
-1.0694190856500956,0.03358933177911618,-0.860977949461426
-1.4930960782232492,0.11039930951340499,-0.860977949461426
-1.3216210309418028,0.16125462159093162,-0.860977949461426
-0.5614750915775291,0.003943766362268469,-0.860977949461426
-0.7318539199746347,0.03846203436961139,-0.860977949461426
1.1113173993279333,0.020367231536883176,-0.860977949461426
-0.7003949928419914,0.02193118713479037,-0.860977949461426
-0.25107253963623843,0.017077871745136045,-0.860977949461426
-1.5437437445658926,0.019273379359586226,-0.860977949461426
-0.374776741250586,0.11829249430008995,-0.860977949461426
-2.146535568881574,0.04186035543259501,-0.7794250365210411
-0.3561013955680436,0.05690098389361935,0.06610991612935457
0.7307468229521985,0.0012515664988610494,0.06610991612935457
0.6186435988985676,0.09401011627628605,0.3702494279935937
0.6896258008294354,0.03291420491129194,0.3702494279935937
1.0708043668841551,0.022953859793270952,0.3702494279935937
1.4647261421254885,0.0006667005423065203,0.3702494279935937
-0.016086322824370558,0.04900146658441151,0.3702494279935937
0.9251630434497345,0.025419880621995992,0.3702494279935937
0.17994591647053962,0.15077390670932575,0.3702494279935937
-0.5297806689812609,0.04451498923274653,0.3702494279935937
-0.6805625834367552,0.0543676495368813,0.3702494279935937
1.8940534567812466,0.029922740120632733,0.3702494279935937
1.9148346475253557,0.02997765562170939,0.3702494279935937
2.4965583065742916,0.05198251528647001,0.3702494279935937
0.7391781992990345,0.11242814979055603,0.3702494279935937
-0.857105596600847,0.02123367993303367,0.3702494279935937
0.02433328664375517,0.06063406518332886,0.3702494279935937
0.7168557175321929,0.004809160378189854,0.3702494279935937
0.30080039798173774,0.06951080963480184,0.3702494279935937
1.5350061271197946,0.04068158282480059,0.3702494279935937
